Date,Start,End,Item
10/6/2026,0:00,0:00,"Procedures, In-Person DT"
10/6/2026,11:00,12:00,"Welcome meeting, review of schedule and expectations"
10/6/2026,13:00,13:30,"Self-guided orientation to rotation at Mount Sinai Fertility, Review of resources"
10/7/2026,0:00,0:00,"Clinic, Virtual"
10/7/2026,13:00,16:00,Clinic (virtual)
10/8/2026,0:00,0:00,"Clinic, Virtual"
10/8/2026,12:00,13:00,Divisional rounds
10/8/2026,13:00,17:00,"Clinic, Virtual"
10/9/2026,0:00,0:00,"MD2, Virtual"
10/9/2026,11:00,12:00,MD2 Blood rounds
10/9/2026,13:00,13:30,MD2 Blood rounds
10/13/2026,0:00,0:00,"Clinic, Virtual"
10/13/2026,7:30,16:00,"Clinic, Virtual"
10/15/2026,0:00,0:00,"Clinic, Virtual"
10/15/2026,13:00,17:00,Clinic (virtual)
10/16/2026,0:00,0:00,Cancer survivorship clinic (virtual) + MD2 
10/16/2026,7:30,11:00,Cancer survivorship clinic (virtual)
10/16/2026,11:00,12:00,MD2 Blood rounds
10/16/2026,13:00,13:30,MD2 Blood rounds
10/16/2026,13:00,17:00,Cancer survivorship clinic (virtual)
10/16/2026,17:00,17:30,Wrap-up and feedback session
